Model,Predicted_Return,Predicted_Std,Predicted_Sharpe
Linear Regression,0.014144453597570023,0.038583410077725595,-0.9308734572757856
Random Forest,0.014063312687615421,0.03841512432791086,-0.9483882323018978
