Model,Predicted_Return,Predicted_Std,Predicted_Sharpe
Linear Regression,0.4452663805242424,0.4101040539583543,0.9155252437471433
Random Forest,0.44532596614247205,0.4049769226140934,0.9292916207070796
