Model,Predicted_Return,Predicted_Std,Predicted_Sharpe
Linear Regression,0.38215487319367036,0.35632409355375094,0.9249968665619288
Random Forest,0.38203178163445484,0.35303793824456986,0.940499828315107
