Model,Predicted_Return,Predicted_Std,Predicted_Sharpe
Linear Regression,0.15266189831137852,0.40422974979630705,0.2605588852656189
Random Forest,0.15268130821982928,0.40088822845416006,0.25610326550247003
